timestamp,elapsed_sec,total_blinks,left_eye_cx,left_eye_cy,right_eye_cx,right_eye_cy,left_iris_dx,left_iris_dy,right_iris_dx,right_iris_dy,pitch,yaw,roll
2026-02-20 14:45:15.136,2.27,0,405.0,277.0,329.5,278.5,90,-2,-59,-1,,,
2026-02-20 14:45:15.136,2.27,0,404.5,277.0,329.5,278.0,89,-1,-59,-1,0.0,0.0,0.0
2026-02-20 14:45:15.136,2.27,0,404.5,277.5,330.0,278.0,89,-1,-58,-1,0.1272620483259601,-1.5375222712610057,0.48478326020254414
2026-02-20 14:45:15.136,2.27,0,405.0,277.0,330.0,278.0,90,-2,-58,-1,0.4547712241770414,-1.734690052137811,0.6677320893874854
2026-02-20 14:45:15.136,2.27,0,405.0,277.5,330.0,278.5,90,-2,-59,-2,0.4383116186790659,-1.6093189812564273,0.6532842803101957
2026-02-20 14:45:15.136,2.27,0,405.5,277.5,331.0,278.5,89,-2,-58,-2,0.2855634651804566,-1.8003289508466267,0.6102998827408239
2026-02-20 14:45:15.136,2.27,0,406.0,278.0,331.5,278.5,90,-1,-58,-2,0.16382283954390164,-2.0672802494583618,0.6118253775938345
2026-02-20 14:45:15.136,2.27,0,406.0,278.0,331.5,278.5,90,-1,-58,-2,0.0617623671659544,-2.55284117036069,0.6368253698754529
2026-02-20 14:45:15.136,2.27,0,406.0,278.0,331.5,278.5,90,-1,-58,-2,0.08523863790044217,-2.882084300336821,0.6590004734964103
2026-02-20 14:45:15.136,2.27,0,406.0,277.5,331.5,278.5,89,-2,-59,-2,0.0749115870002175,-3.1425754134626853,0.6895090668595212
2026-02-20 14:45:15.137,2.27,0,406.5,277.5,331.5,278.5,90,-2,-59,-2,0.02055347024978893,-3.4238466604046813,0.6980164800129689
2026-02-20 14:45:15.137,2.27,0,405.0,277.5,330.0,277.5,90,-1,-59,-2,-0.042209068742434575,-3.8511815122926656,0.763271381811204
2026-02-20 14:45:15.137,2.27,0,404.5,276.5,329.5,277.0,89,-1,-60,-2,-0.02510361278698081,-4.0889079453109485,0.7666187699640141
2026-02-20 14:45:15.137,2.27,0,404.5,276.5,329.0,277.0,89,-1,-60,-2,-0.006459826582513983,-4.150451519773117,0.7341512131520225
2026-02-20 14:45:15.137,2.27,0,404.5,276.0,329.0,276.5,89,-1,-60,-3,0.08863946572196557,-4.39049329418418,0.7518827943854416
2026-02-20 14:45:15.137,2.271,0,403.5,276.0,328.5,276.5,89,-1,-60,-3,0.2645356337522342,-4.273841178021927,0.7691286506525903
2026-02-20 14:45:15.137,2.271,0,402.5,277.0,329.0,277.5,89,-1,-58,-1,0.4504257071780362,-4.054379040951574,0.7672398249459134
2026-02-20 14:45:15.137,2.271,0,400.0,277.5,331.5,278.5,89,-2,-55,1,0.743719433133009,-3.7648541118090826,0.7613872678832108
2026-02-20 14:45:15.137,2.271,0,399.5,277.5,330.5,277.5,88,-1,-55,0,1.0061086425188641,-2.990169303573781,0.6528639671831868
2026-02-20 14:45:15.137,2.271,0,400.0,275.0,327.5,275.5,91,-1,-57,0,1.323980840026156,-2.2120616082455786,0.5652055268577936
2026-02-20 14:45:15.137,2.271,0,398.5,274.5,324.5,275.0,89,-2,-60,0,1.6916598772064955,-1.5728410748451047,0.4859814755193619
2026-02-20 14:45:15.843,2.977,1,397.5,273.5,323.5,274.0,87,-2,-60,-1,2.0557385958680268,-0.9585868653444276,0.4057806369489594
2026-02-20 14:45:15.843,2.977,1,397.5,273.0,322.5,273.5,87,-1,-61,-2,2.306053990215414,-0.4130830440175437,0.3564835167953997
2026-02-20 14:45:15.843,2.977,1,396.9615478515625,272.9615478515625,322.0,272.5,87,-2,-60,-2,2.44559409896954,-0.1612872170773727,0.3454910686288484
2026-02-20 14:45:15.843,2.977,1,396.5,272.0,321.0,273.0,88,-2,-61,-1,2.6214784893239056,0.4324245835039502,0.2671822884785038
2026-02-20 14:45:15.843,2.977,1,396.5,271.5,321.0,272.5,88,-2,-60,-2,2.7509566553569496,0.8896112506181,0.17421507927698698
2026-02-20 14:45:15.843,2.977,1,395.5,271.5,321.0,272.5,87,-2,-60,-1,2.9131499765296525,1.2176025491240203,0.09969416221182414
2026-02-20 14:45:15.843,2.977,1,395.5,271.5,320.0,272.5,89,-2,-60,-1,2.943368336120745,1.736441776714388,-0.0002731446368824386
2026-02-20 14:45:15.843,2.977,1,394.5,271.0,320.0,271.5,88,-2,-60,-2,3.002943572040456,1.722307009861943,-0.009882487464722312
2026-02-20 14:45:15.843,2.977,1,394.5,271.0,320.0,272.5,88,-2,-59,-1,3.0594867819864753,1.8414340220580998,-0.07981255880815952
2026-02-20 14:45:15.843,2.977,1,394.5,271.0,319.5,272.5,88,-2,-60,-1,3.0856824658527664,2.032551548584742,-0.10877977059145238
2026-02-20 14:45:15.844,2.977,1,394.5,271.0,320.0,272.5,88,-2,-59,-1,3.1313740491796835,2.0804414626108985,-0.12456677710160968
2026-02-20 14:45:15.844,2.977,1,394.5,271.0,319.5,272.5,88,-2,-60,-1,3.21579083643239,2.666532962510545,-0.2822507285284541
2026-02-20 14:45:15.844,2.977,1,394.0,271.0,319.0,272.5,89,-2,-60,-1,3.3239180311066185,3.27554770537773,-0.4488307297127323
2026-02-20 14:45:15.844,2.978,1,394.0,271.0,318.5,272.5,89,-2,-61,-1,3.388833593626842,3.5430406764282933,-0.5524353616026976
2026-02-20 14:45:15.844,2.978,1,394.0,271.0,318.5,272.5,89,-2,-60,-1,3.4936634698076148,3.776486272922514,-0.6081060277250934
2026-02-20 14:45:15.844,2.978,1,393.0,271.0,318.0,272.5,89,-3,-60,-2,3.4887115194360057,4.333900712648144,-0.7278396619913425
2026-02-20 14:45:15.844,2.978,1,393.0,271.5,317.5,272.5,90,-3,-60,-2,3.502277557715985,5.093504209594997,-0.9220392016794046
2026-02-20 14:45:15.844,2.978,1,392.5,272.0,317.5,273.5,90,-2,-60,-1,3.438003729001071,6.136245910100015,-1.1798668405604218
2026-02-20 14:45:15.844,2.978,1,392.5,271.5,317.5,273.5,90,-3,-59,-1,3.328328059170195,6.783037910493441,-1.3645768372154616
2026-02-20 14:45:15.844,2.978,1,392.5,272.0,317.5,273.5,90,-2,-59,-1,3.2682435513173544,7.9743172549552,-1.6802821596194368
2026-02-20 14:45:15.844,2.978,1,391.5,272.0,316.5,273.5,89,-2,-60,-1,3.2128761649629443,9.031002830723192,-1.9840617773765548
2026-02-20 14:45:15.844,2.978,1,391.5,272.0,316.5,274.0,90,-3,-59,-1,3.0641093364562515,10.14828803316512,-2.260475357443038
2026-02-20 14:45:16.583,3.717,1,390.5,273.0,315.5,274.5,89,-2,-60,-1,2.8979590396745945,10.879104873918099,-2.4692457217358994
2026-02-20 14:45:16.583,3.717,1,390.5,273.0,315.5,274.5,90,-2,-59,-1,2.7131479098684927,11.686123877952284,-2.6767165885798323
2026-02-20 14:45:16.583,3.717,1,390.5,273.0,314.5,274.5,90,-3,-60,-1,2.521917959547247,12.460855179640006,-2.909124632393774
2026-02-20 14:45:16.583,3.717,1,389.5,272.5,314.5,275.5,89,-4,-59,0,2.4378991029672825,13.116235634445676,-3.1296312998829743
2026-02-20 14:45:16.583,3.717,1,389.5,273.0,314.5,275.5,90,-3,-59,-1,2.366895172761863,13.809457384061542,-3.341517104738007
2026-02-20 14:45:16.583,3.717,1,389.0,273.0,313.5,275.5,90,-3,-60,-1,2.323186643675882,14.02243248451099,-3.4151911149018472
2026-02-20 14:45:16.583,3.717,1,388.5,273.0,313.5,275.5,90,-3,-59,-1,2.2860104392164864,14.777790871604289,-3.6099230793884787
2026-02-20 14:45:16.583,3.717,1,387.5,273.0,312.5,275.5,89,-3,-59,0,2.2069007412834196,14.872995639194983,-3.673555882840113
2026-02-20 14:45:16.584,3.717,1,387.5,273.0,312.5,275.5,90,-4,-59,-1,2.1415324407354035,15.350521630562085,-3.782280491396955
2026-02-20 14:45:16.584,3.717,1,386.5,273.0,311.5,275.5,89,-4,-59,-1,2.119991058533717,15.549250104976055,-3.8790109608991896
2026-02-20 14:45:16.584,3.717,1,385.5,274.0,310.5,276.5,89,-4,-59,-1,2.205327902834716,15.88440582705097,-4.000919944633199
2026-02-20 14:45:16.584,3.717,1,385.5,274.0,310.5,276.5,90,-4,-59,0,2.3195956843937218,16.194131078990285,-4.121885799016434
2026-02-20 14:45:16.584,3.718,1,385.5,273.0,309.5,276.5,90,-4,-60,0,2.4249157950241624,16.641542672241467,-4.284254578955135
2026-02-20 14:45:16.584,3.718,1,385.5,273.0,309.5,276.5,90,-5,-60,0,2.428844298153285,17.410586841287817,-4.493248517297199
2026-02-20 14:45:16.584,3.718,1,385.5,273.0,310.5,276.0,90,-4,-59,1,2.4920144210918913,17.620036369286325,-4.587065809006978
2026-02-20 14:45:16.584,3.718,1,387.5,273.0,311.5,276.5,91,-4,-59,0,2.4655831012515783,18.064521976614245,-4.755148301063624
2026-02-20 14:45:16.584,3.718,1,389.5,273.5,312.5,276.5,91,-4,-60,-1,2.389295767289193,18.655912465498215,-4.918286317539206
2026-02-20 14:45:16.584,3.718,1,391.5,274.5,314.5,276.5,91,-3,-59,-1,2.309059916893583,19.619897633573565,-5.042065045905382
2026-02-20 14:45:16.584,3.718,1,394.0,277.0,316.5,277.5,92,-1,-60,-2,2.0410338313688694,20.599065397755176,-5.078999761484683
2026-02-20 14:45:16.584,3.718,1,396.5,279.5,318.5,278.0,92,1,-59,-3,1.7551861232864923,21.068640915975102,-4.915680200708392
2026-02-20 14:45:16.584,3.718,1,398.5,282.5,320.5,280.0,92,3,-59,-4,1.2746860265517377,22.009558487447386,-4.700730588710384
2026-02-20 14:45:16.584,3.718,1,400.0,284.0,321.5,281.0,92,3,-59,-4,0.8046932892010235,22.983528137827115,-4.432028616925466
2026-02-20 14:45:17.329,4.463,1,400.5,284.5,321.0,281.0,92,2,-60,-5,0.3588249488485218,24.003394783629812,-4.08310753687762
2026-02-20 14:45:17.329,4.463,1,400.5,284.5,322.0,282.0,92,2,-59,-5,-0.08589413155027081,24.30584764110608,-3.6275530677771206
2026-02-20 14:45:17.329,4.463,1,400.5,284.5,323.5,283.5,91,1,-59,-4,-0.5862444198859551,24.873371061767948,-3.20865732855232
2026-02-20 14:45:17.329,4.463,1,400.5,284.0,324.0,284.0,92,1,-58,-3,-1.0268565059552772,25.38552201664438,-2.7898665589898393
2026-02-20 14:45:17.329,4.463,1,401.5,283.5,323.5,282.0,93,2,-59,-4,-1.5594660561690485,25.364586844822924,-2.3226783186008744
2026-02-20 14:45:17.329,4.463,1,402.0,281.5,324.5,280.0,91,1,-59,-2,-2.07847267012105,25.370960160189803,-1.8898806462944844
2026-02-20 14:45:17.329,4.463,1,401.0,280.5,326.0,278.5,88,2,-57,-5,-2.282374774057308,25.935351395681607,-1.74662025082415
2026-02-20 14:45:17.329,4.463,1,403.0,279.0,326.0,277.0,91,2,-59,-5,-2.2814789446242854,26.711701705690587,-1.7851087514965542
2026-02-20 14:45:17.329,4.463,1,402.5,277.5,325.5,276.0,91,1,-60,-4,-2.6590908524762487,25.700762426072508,-1.4650816366168506
2026-02-20 14:45:17.330,4.463,1,401.5,276.5,325.5,275.5,89,0,-60,-4,-2.552845080069207,24.636562710851063,-1.4152458186683399
2026-02-20 14:45:17.330,4.463,1,401.0,274.5,325.0,275.0,90,-1,-59,-2,-2.377738142716149,23.306699500600587,-1.3849966220817165
2026-02-20 14:45:17.330,4.463,1,400.5,273.5,324.5,274.0,90,-1,-59,-2,-2.0431177297529786,21.959985077522802,-1.3536690206105126
2026-02-20 14:45:17.330,4.463,1,399.5,272.5,323.5,274.0,90,-2,-59,-1,-1.6510042301405665,21.137361291107332,-1.4402287967660916
2026-02-20 14:45:17.330,4.464,1,398.0,272.5,322.5,274.0,90,-3,-59,-1,-1.1714619380225715,20.542092726371465,-1.6083616419168945
2026-02-20 14:45:17.330,4.464,1,396.0,272.5,321.0,274.0,89,-3,-59,-1,-0.507062553228053,20.254567217687143,-1.80458891076837
2026-02-20 14:45:17.330,4.464,1,394.5,271.5,319.0,273.5,89,-3,-58,-1,0.1867647772383858,19.741687519576608,-2.0761529774738112
2026-02-20 14:45:17.330,4.464,1,392.5,270.5,317.5,272.0,88,-3,-59,-1,0.7508020261943757,18.202557687434705,-2.08317422921416
2026-02-20 14:45:17.330,4.464,1,391.0,269.5,316.5,271.5,88,-3,-58,-1,1.200025663770992,16.886549145810996,-2.078293137967151
2026-02-20 14:45:17.330,4.464,1,390.5,269.0,315.5,271.0,88,-3,-59,-1,2.2089019889640973,17.15345227944239,-2.542396357187444
2026-02-20 14:45:17.330,4.464,1,389.5,269.0,314.5,270.5,88,-3,-59,-2,2.7507640474665997,17.520182116324,-2.8130023013168817
2026-02-20 14:45:17.330,4.464,1,389.5,268.0,315.0,270.5,88,-3,-57,-1,3.25668492847897,17.939567417782477,-3.1337588086374355
2026-02-20 14:45:18.035,5.168,1,389.0,267.5,314.5,269.5,89,-4,-58,-1,3.6680148539811874,18.781445050066683,-3.483114466508467
2026-02-20 14:45:18.035,5.169,1,389.0,267.0,314.5,268.5,89,-3,-58,-2,3.9681137214556603,18.96767001229595,-3.70381984378534
2026-02-20 14:45:18.035,5.169,1,389.0,267.0,314.5,268.5,89,-3,-57,-2,4.1889133253282615,18.868833059056932,-3.7974848896457574
2026-02-20 14:45:18.035,5.169,1,389.5,268.0,314.5,269.0,89,-2,-58,-1,4.400243914635391,18.310666010955494,-3.7871462453456144
2026-02-20 14:45:18.035,5.169,1,390.0,267.5,315.5,268.5,88,-3,-58,-2,4.627677954154052,17.565376706706523,-3.7096301566791063
2026-02-20 14:45:18.035,5.169,1,390.5,267.0,316.5,267.5,86,-2,-58,-2,4.852330436240674,16.401530968156344,-3.484380644637608
2026-02-20 14:45:18.035,5.169,1,391.5,267.0,318.0,267.5,86,-2,-57,-2,4.981708209315707,15.17975203114958,-3.252580427715939
2026-02-20 14:45:18.035,5.169,1,392.5,267.5,319.0,267.5,86,-2,-57,-3,4.9715340909752594,13.70546172001281,-2.956302951812842
2026-02-20 14:45:18.035,5.169,1,390.5,269.5,322.5,270.5,84,-2,-53,1,4.937169641301415,12.050526104120559,-2.60630270531951
2026-02-20 14:45:18.035,5.169,1,390.5,270.0,323.0,271.0,85,-2,-53,2,4.867673736642937,10.52672721412409,-2.2526187492526093
2026-02-20 14:45:18.035,5.169,1,392.5,268.5,321.0,269.5,86,-2,-55,0,4.835110242925527,8.982337974589116,-1.9337322535047476
2026-02-20 14:45:18.035,5.169,2,392.5,267.5,319.5,268.5,86,-2,-57,-1,4.7827152770794505,7.60070419260236,-1.5980171611061775
2026-02-20 14:45:18.035,5.169,2,393.5,267.5,319.5,268.0,87,-2,-58,-1,4.824290458347599,6.632671133408836,-1.3069592683878724
2026-02-20 14:45:18.035,5.169,2,394.0,267.5,320.0,267.5,88,-2,-57,-2,4.874484639363768,6.099017671134537,-1.1399496735599672
2026-02-20 14:45:18.035,5.169,2,394.0,267.0,320.0,267.5,88,-2,-57,-2,4.902329318295923,5.953016394054163,-1.0040999883785866
2026-02-20 14:45:18.036,5.169,2,394.5,267.0,320.5,267.5,88,-2,-57,-2,4.916972842400446,6.430893713992544,-1.0446671770297566
2026-02-20 14:45:18.036,5.169,2,394.5,266.5,320.5,267.5,88,-2,-57,-2,4.94245528305712,7.167607442517818,-1.1449540617995966
2026-02-20 14:45:18.036,5.169,2,395.5,267.0,320.5,267.5,89,-2,-57,-2,5.022961318919982,8.051918522395514,-1.2688813997648032
2026-02-20 14:45:18.036,5.169,2,395.5,267.0,320.5,267.5,89,-2,-57,-3,5.10952254714868,9.242085983531288,-1.4601736172404975
2026-02-20 14:45:18.036,5.17,2,395.5,267.0,321.0,267.5,89,-2,-56,-3,5.183384144949931,10.36272381370249,-1.6605298865565117
2026-02-20 14:45:18.036,5.17,2,395.5,267.0,321.5,267.5,89,-1,-56,-3,5.228992824539114,11.221292708738876,-1.769841950802659
2026-02-20 14:45:18.036,5.17,2,395.5,267.0,321.5,267.5,89,-1,-57,-3,5.308124993067349,12.434529475740769,-1.961744326685847
2026-02-20 14:45:18.780,5.914,2,395.5,266.5,321.5,267.5,88,-2,-57,-3,5.263443199944884,13.462728516511351,-2.17980884759802
2026-02-20 14:45:18.780,5.914,2,395.5,267.0,321.5,267.5,88,-1,-57,-3,5.258518622170396,14.493701707604483,-2.357551165545091
2026-02-20 14:45:18.780,5.914,2,396.5,267.0,321.5,267.5,89,-1,-57,-3,5.166661001432994,15.433565397664104,-2.534828290931158
2026-02-20 14:45:18.780,5.914,2,397.0,267.5,322.5,267.0,90,-1,-57,-3,5.072896089952792,16.481586192301204,-2.7207369985311916
2026-02-20 14:45:18.780,5.914,2,397.0,268.0,322.5,267.0,89,0,-57,-3,5.032408772037593,16.84019651572855,-2.697629191712265
2026-02-20 14:45:18.780,5.914,2,397.5,268.5,323.5,267.0,89,0,-56,-3,4.97272828774571,17.136075133350204,-2.620173397976244
2026-02-20 14:45:18.780,5.914,2,397.5,268.5,323.5,267.5,89,0,-57,-4,4.910946977886747,16.831037393834315,-2.439280737721573
2026-02-20 14:45:18.780,5.914,2,398.0,268.5,323.5,267.5,90,0,-57,-4,4.901554146114851,16.276333316410465,-2.1757413203632696
2026-02-20 14:45:18.780,5.914,2,398.0,268.5,323.5,267.0,90,0,-57,-4,4.899630744794228,16.225667247026422,-2.0440908268115114
2026-02-20 14:45:18.780,5.914,2,397.5,268.5,323.0,267.5,89,0,-57,-4,4.928730988567498,15.46343539536937,-1.7795459014514436
2026-02-20 14:45:18.780,5.914,2,397.0,267.5,322.5,267.0,89,-1,-58,-4,4.8877256384362315,14.641740525098406,-1.4684352784814898
2026-02-20 14:45:18.780,5.914,2,397.0,267.5,322.5,266.5,89,-1,-57,-5,4.783374159696631,13.990161300695846,-1.2486714483918189
2026-02-20 14:45:18.780,5.914,2,397.0,267.5,322.5,267.0,89,-1,-57,-4,4.75149398864472,13.169966956692608,-1.0179393648085242
2026-02-20 14:45:18.781,5.914,2,397.0,267.5,322.5,267.0,90,-1,-57,-4,4.720580579938817,12.237192980031928,-0.7781825590372553
2026-02-20 14:45:18.781,5.914,2,396.5,267.5,321.5,267.0,89,-1,-58,-4,4.641188539228622,11.680285179650753,-0.6982426201157961
2026-02-20 14:45:18.781,5.914,2,395.5,267.5,321.5,267.0,89,-2,-57,-4,4.531262066146047,11.158214580632396,-0.6666495775872454
2026-02-20 14:45:18.781,5.914,2,395.5,267.5,320.5,267.5,89,-2,-58,-4,4.436362362627966,11.291246515879639,-0.7663942471644667
2026-02-20 14:45:18.781,5.914,2,395.0,267.5,320.5,267.5,89,-2,-58,-4,4.309598412181222,12.053838362814773,-1.0107300814326463
2026-02-20 14:45:18.781,5.915,2,395.0,267.5,320.5,267.5,89,-2,-58,-4,4.179576177753489,12.365611458131262,-1.1660733799413763
2026-02-20 14:45:18.781,5.915,2,394.5,267.0,319.5,268.0,89,-2,-58,-3,4.067224986544755,12.751684340311996,-1.331907569328513
2026-02-20 14:45:18.781,5.915,2,393.0,270.0,323.5,271.0,86,-2,-53,0,4.0349888902375675,13.299919002336905,-1.5792361818908125
2026-02-20 14:45:18.781,5.915,2,392.0,272.5,323.5,273.5,86,-2,-53,2,4.167628554775064,13.40777683590428,-1.6905047349327382
2026-02-20 14:45:19.521,6.655,2,391.5,272.0,323.0,273.5,86,-2,-52,3,4.306850405792826,13.968115132286108,-1.904436926299208
2026-02-20 14:45:19.521,6.655,2,392.5,270.5,320.5,272.5,88,-3,-56,1,4.380099627273509,14.381799301290974,-2.0848934383803144
2026-02-20 14:45:19.521,6.655,3,392.5,269.5,318.5,271.5,87,-4,-57,-1,4.43927497104178,14.929485332502093,-2.284091292339051
2026-02-20 14:45:19.521,6.655,3,392.5,269.0,318.0,271.5,88,-4,-57,-1,4.539026449559088,16.077448143335168,-2.6715829651769223
2026-02-20 14:45:19.521,6.655,3,392.5,269.0,318.0,271.5,88,-4,-57,-2,4.542629970066335,16.955066649837796,-2.943923328886739
2026-02-20 14:45:19.521,6.655,3,392.5,270.0,318.0,272.5,88,-4,-57,-2,4.4822804820967495,17.561570607780304,-3.1760370934795956
2026-02-20 14:45:19.521,6.655,3,393.5,272.0,318.5,273.5,90,-3,-58,-2,4.275957386286322,18.52373626985016,-3.4447755474001958
2026-02-20 14:45:19.521,6.655,3,393.5,272.5,318.5,274.0,89,-3,-58,-2,4.033032946181123,19.334959501746525,-3.7226635414921296
2026-02-20 14:45:19.521,6.655,3,394.0,273.0,319.5,274.5,90,-2,-57,-2,3.7451501537439214,19.82209005354171,-3.8821577530901457
2026-02-20 14:45:19.521,6.655,3,394.5,273.0,319.5,274.5,89,-3,-58,-3,3.220774978433621,19.81686681752047,-3.960079336167019
2026-02-20 14:45:19.521,6.655,3,394.5,274.0,319.5,275.0,89,-2,-59,-2,2.6920469346129945,19.4839689495958,-3.9424491328459728
2026-02-20 14:45:19.521,6.655,3,395.0,274.0,319.5,275.5,90,-3,-59,-2,2.141911662798517,19.56773960640121,-4.036565425060482
2026-02-20 14:45:19.521,6.655,3,395.0,274.5,319.5,276.0,90,-3,-59,-2,1.6281933225017813,19.088977889737166,-4.028471100909339
2026-02-20 14:45:19.522,6.655,3,395.0,275.0,319.5,275.5,90,-2,-59,-3,1.1665366260463994,18.16452883224993,-3.8610609476243476
2026-02-20 14:45:19.522,6.655,3,395.5,274.5,319.5,275.5,90,-3,-59,-3,0.7711137272083821,17.28915879935903,-3.750049399594339
2026-02-20 14:45:19.522,6.655,3,395.5,274.0,320.5,275.5,90,-3,-58,-3,0.4101540293880337,16.406326358691228,-3.5835687524530777
2026-02-20 14:45:19.522,6.655,3,395.5,274.0,320.5,275.5,90,-3,-58,-3,0.21390231173709218,15.286740589710739,-3.4013203281682673
2026-02-20 14:45:19.522,6.656,3,396.5,275.0,320.5,275.5,91,-2,-58,-3,0.05020109663697703,14.222049756534311,-3.1964197947737145
2026-02-20 14:45:19.522,6.656,3,396.5,275.0,320.5,276.0,90,-2,-59,-2,-0.1337771761583273,13.553142089396516,-3.0964706500176775
2026-02-20 14:45:19.522,6.656,3,396.5,275.0,320.5,275.5,90,-2,-59,-3,-0.2352447291062898,13.688571152614069,-3.1174215253943007
2026-02-20 14:45:19.522,6.656,3,396.5,274.5,320.5,275.5,90,-3,-59,-3,-0.3301764034159138,13.643787540218153,-3.10107265238204
2026-02-20 14:45:20.229,7.362,3,395.5,274.5,320.5,275.5,90,-3,-59,-3,-0.35408233855330273,13.166102702117769,-2.9706396811980316
2026-02-20 14:45:20.229,7.362,3,395.5,274.5,319.5,275.5,90,-3,-60,-3,-0.3863362157891945,13.007199334575933,-2.899958619839457
2026-02-20 14:45:20.229,7.363,3,395.5,275.0,319.5,276.0,90,-2,-60,-3,-0.3690468368921671,12.815210468092557,-2.8305310893433653
2026-02-20 14:45:20.229,7.363,3,395.5,275.0,319.5,276.0,90,-2,-60,-2,-0.4287702197080021,12.435526248848227,-2.7449665813234496
2026-02-20 14:45:20.229,7.363,3,395.5,274.5,319.5,275.5,90,-3,-59,-3,-0.46781776551784127,11.880028159472815,-2.643318523700165
2026-02-20 14:45:20.229,7.363,3,395.5,274.5,319.5,275.5,91,-3,-59,-3,-0.4498714046331713,11.339260116876991,-2.530657842218536
2026-02-20 14:45:20.229,7.363,3,395.0,276.0,319.5,278.0,89,-3,-59,0,-0.447031832605461,11.02284568550855,-2.4916654523205355
2026-02-20 14:45:20.229,7.363,3,393.5,280.0,324.0,281.5,87,-2,-54,2,-0.3354594542603113,10.411126914593446,-2.3768521660108566
2026-02-20 14:45:20.229,7.363,3,394.0,278.0,323.9615478515625,280.0384521484375,89,-2,-55,2,-0.23933638248074374,10.179705865562779,-2.302648207022171
2026-02-20 14:45:20.229,7.363,3,394.5,276.0,320.0,278.5,89,-3,-58,0,-0.18226990158735568,9.893033800826018,-2.2535349276520176
2026-02-20 14:45:20.229,7.363,3,394.0,275.0,319.0,276.5,89,-3,-59,-1,-0.0020301771629451792,9.469846152369342,-2.2165045252976396
2026-02-20 14:45:20.229,7.363,3,394.0,274.5,318.5,276.5,89,-3,-59,-2,0.1332027438160308,9.284728699235727,-2.213479020360607
2026-02-20 14:45:20.229,7.363,3,394.5,274.0,318.5,276.0,90,-3,-59,-2,0.167187043300018,9.213672555560244,-2.2236959879064595
2026-02-20 14:45:20.230,7.363,3,393.5,274.0,318.5,275.5,89,-2,-59,-3,0.2493532093580484,9.57749588580323,-2.3178583143189577
2026-02-20 14:45:20.230,7.363,3,393.5,273.5,318.5,275.5,90,-3,-59,-2,0.2838941394927499,9.845484059540597,-2.369435740226325
2026-02-20 14:45:20.230,7.363,3,393.5,274.0,318.5,275.5,90,-2,-59,-3,0.27749537094954047,9.8454776408995,-2.3979138176483055
2026-02-20 14:45:20.230,7.364,3,393.5,274.0,318.0,276.0,90,-3,-59,-2,0.2816054992624659,9.968569804688109,-2.433630901336013
2026-02-20 14:45:20.230,7.364,3,393.5,274.0,318.5,275.5,90,-3,-59,-3,0.2736817706146102,10.224370734969272,-2.5303339999276346
2026-02-20 14:45:20.230,7.364,3,393.5,274.0,318.0,275.5,90,-3,-58,-3,0.26389485404719704,9.879620278283385,-2.5618777454233252
2026-02-20 14:45:20.230,7.364,3,393.5,273.5,317.5,275.5,90,-3,-59,-2,0.28565263154347953,9.923541974143477,-2.614892567490977
2026-02-20 14:45:20.230,7.364,3,391.0,277.0,322.5,280.0,87,-4,-53,4,0.18175219672910448,10.130248456027514,-2.6512794815320273
2026-02-20 14:45:20.937,8.071,3,391.0,278.5,322.0,281.5,87,-3,-54,4,0.3541401764778609,10.895905404442772,-2.798171301556385
2026-02-20 14:45:20.937,8.071,3,391.5,278.5,322.0,281.0,87,-3,-53,4,0.5028937882182163,11.456830580230195,-2.908674556491353
2026-02-20 14:45:20.937,8.071,3,392.5,277.0,322.0,279.5,88,-3,-54,3,0.68047829509739,11.7705716348601,-2.9513694300834996
2026-02-20 14:45:20.937,8.071,3,392.5,275.5,319.5,278.5,89,-4,-57,1,0.8496518104143149,12.141410456568089,-3.0429701917358134
2026-02-20 14:45:20.938,8.071,4,392.5,274.5,317.5,277.5,88,-4,-59,0,0.9826411416713405,12.308613754974527,-3.0817538179220882
2026-02-20 14:45:20.938,8.071,4,392.5,274.0,317.0,276.5,88,-4,-59,-1,1.1655596367940486,12.660847030155484,-3.141405277269576
2026-02-20 14:45:20.938,8.071,4,392.5,273.5,317.0,275.5,89,-4,-58,-2,1.309882736546692,13.05444111987967,-3.211820033725463
2026-02-20 14:45:20.938,8.071,4,393.5,273.0,319.0,274.5,89,-3,-57,-3,1.4086951138989239,13.259602045931725,-3.2281495595701455
2026-02-20 14:45:20.938,8.072,4,394.5,272.0,319.0,274.5,90,-4,-57,-2,1.4778310496056228,13.63743836090748,-3.282756561977732
2026-02-20 14:45:20.938,8.072,4,394.5,272.0,319.5,274.0,90,-4,-58,-2,1.578022396200172,14.45325419582204,-3.423703193957362
2026-02-20 14:45:20.938,8.072,4,394.5,272.0,319.5,274.5,90,-4,-58,-2,1.477944936993726,14.628520959305373,-3.4545654073151475
2026-02-20 14:45:20.938,8.072,4,394.5,272.0,320.0,274.5,89,-4,-57,-2,1.4188380076188682,14.888839748469241,-3.5088061468302847
2026-02-20 14:45:20.938,8.072,4,395.5,272.0,320.0,274.5,90,-4,-57,-2,1.339307000180444,15.55022783548266,-3.633763002207047
2026-02-20 14:45:20.938,8.072,4,395.5,272.0,320.5,274.5,90,-3,-57,-2,1.328190777235875,15.878268840767895,-3.686290575769087
2026-02-20 14:45:20.938,8.072,4,395.5,272.0,320.5,274.5,90,-3,-58,-2,1.288723410556603,16.580126788547496,-3.782243627598573
2026-02-20 14:45:20.938,8.072,4,395.5,272.0,320.5,274.5,90,-3,-58,-3,1.1695648114524122,17.09470029396735,-3.8448297113904872
2026-02-20 14:45:20.938,8.072,4,395.5,272.0,320.5,274.5,90,-3,-58,-2,1.0105430480765367,17.561060075912497,-3.87183995104779
2026-02-20 14:45:20.938,8.072,4,395.5,272.0,321.0,274.5,89,-3,-57,-3,0.8993408989719622,18.30557122094018,-3.9758458955181304
2026-02-20 14:45:20.938,8.072,4,395.5,272.0,321.0,274.5,89,-3,-57,-3,0.8236085207006969,18.96510912929742,-4.0628703669963455
2026-02-20 14:45:20.938,8.072,4,395.5,272.0,320.5,274.5,89,-3,-58,-2,0.7366003470767026,19.32770767184313,-4.104306661808906
2026-02-20 14:45:20.938,8.072,4,395.5,272.5,320.5,274.5,89,-4,-58,-2,0.6001509835822869,19.696708151475477,-4.111198485668364
2026-02-20 14:45:20.938,8.072,4,392.5,277.5,324.0,280.5,87,-4,-53,4,0.5509731306289272,19.357946605841605,-4.051558580263686
2026-02-20 14:45:21.680,8.814,4,392.5,277.5,324.0,280.5,86,-4,-53,4,0.656892259097245,18.76683048287372,-3.9558530289720406
2026-02-20 14:45:21.681,8.814,4,393.5,276.5,323.5,279.0,88,-3,-54,3,0.6797826738879253,18.547631980651367,-3.909417133841984
2026-02-20 14:45:21.681,8.814,4,394.0,275.5,321.5,277.5,89,-3,-57,0,0.7397134609081633,18.408983738327414,-3.847393026922409
2026-02-20 14:45:21.681,8.814,5,394.5,274.0,320.0,276.0,88,-3,-57,0,0.8059201617953473,18.091286177656613,-3.793462851092491
2026-02-20 14:45:21.681,8.814,5,394.5,273.0,320.0,275.0,88,-4,-58,-1,0.9276233304815413,18.069326914371118,-3.8112312521430125
2026-02-20 14:45:21.681,8.814,5,394.5,273.0,320.0,274.5,89,-3,-57,-2,1.0288854140182,18.04559727141162,-3.830335273106527
2026-02-20 14:45:21.681,8.815,5,394.5,272.5,320.0,274.5,89,-4,-57,-2,1.090612120752576,17.380917182677607,-3.7513818509822343
2026-02-20 14:45:21.681,8.815,5,395.0,272.0,320.0,274.5,90,-4,-57,-2,1.1523388274869522,16.716237093943597,-3.6724284288579425
2026-02-20 14:45:21.681,8.815,5,395.0,272.5,320.0,274.5,90,-4,-57,-2,1.21096877616632,16.37864021975866,-3.665553829781706
2026-02-20 14:45:21.681,8.815,5,395.0,272.0,320.5,274.5,90,-4,-58,-2,1.152610482932925,16.74691725859884,-3.7124572385250776
2026-02-20 14:45:21.681,8.815,5,395.5,272.0,320.5,274.5,90,-4,-58,-2,1.0674957497415356,16.944351433080527,-3.737826220706456
2026-02-20 14:45:21.681,8.815,5,395.5,273.0,320.5,274.5,89,-3,-58,-3,0.9664056029224461,17.187566191386942,-3.7838997938683763
2026-02-20 14:45:21.681,8.815,5,395.5,273.0,320.5,274.5,89,-3,-58,-3,0.892203796566843,17.070255271076334,-3.7525463512892365
2026-02-20 14:45:21.681,8.815,5,395.5,272.5,320.5,274.5,90,-4,-58,-3,0.8143036378422099,17.838076328503718,-3.874318153182116
2026-02-20 14:45:21.681,8.815,5,395.5,272.5,320.5,274.5,90,-4,-58,-3,0.7210092755446427,17.373677846091347,-3.7806291549689592
2026-02-20 14:45:21.681,8.815,5,395.5,272.5,320.5,274.5,90,-4,-58,-3,0.6711535451250281,16.980135382274042,-3.6888586326856654
2026-02-20 14:45:21.681,8.815,5,395.5,272.5,320.5,274.5,89,-4,-58,-3,0.6367372539569001,17.46479283909008,-3.767058015566141
2026-02-20 14:45:21.681,8.815,5,395.5,273.0,320.5,275.0,90,-3,-58,-2,0.6122634454011093,18.157781897149185,-3.870240357982759
2026-02-20 14:45:21.681,8.815,5,395.5,273.0,320.0,274.5,90,-3,-58,-3,0.6207204504394666,18.333629130207434,-3.8834706493893143
2026-02-20 14:45:21.681,8.815,5,395.0,273.0,319.5,274.5,91,-3,-58,-3,0.6588941868495315,18.51136447550679,-3.909454662240399
2026-02-20 14:45:21.681,8.815,5,394.5,272.5,319.0,275.0,90,-4,-58,-2,0.665579727962526,18.615289992360744,-3.931062316503964
2026-02-20 14:45:22.389,9.523,5,393.0,272.0,318.0,275.0,90,-4,-57,-1,0.6749965778071978,18.987133950510017,-3.972467231239305
2026-02-20 14:45:22.389,9.523,5,390.5,272.0,315.5,275.0,89,-4,-58,-2,0.6365834626453477,20.178887984390116,-4.230546810151037
2026-02-20 14:45:22.389,9.523,5,387.5,271.0,313.0,275.0,90,-5,-56,0,0.5974344012133317,20.822452707042586,-4.377213516311903
2026-02-20 14:45:22.389,9.523,5,382.0,269.5,308.5,274.5,88,-7,-56,0,0.6904821894934425,22.528581965763408,-4.751439265039462
2026-02-20 14:45:22.389,9.523,5,377.5,268.5,304.0,274.5,88,-8,-54,1,0.7808863809647475,24.555936783229406,-5.224830915838547
2026-02-20 14:45:22.389,9.523,5,371.0,267.5,300.0,275.0,87,-10,-51,2,1.0553610790248626,26.027861291582674,-5.661657134734467
2026-02-20 14:45:22.390,9.523,5,365.0,267.0,296.0,275.5,85,-11,-48,3,1.3974811918500762,27.61419290647533,-6.193870788775613
2026-02-20 14:45:22.390,9.523,5,357.5,266.5,290.5,276.5,81,-12,-47,4,1.8792142461231407,29.713411307506476,-6.927861046640619
2026-02-20 14:45:22.390,9.523,5,350.5,265.5,285.5,276.5,78,-14,-44,5,2.4435587125948253,32.1108320901666,-7.799113792394295
2026-02-20 14:45:22.390,9.523,5,342.5,265.0,279.5,278.0,75,-15,-42,7,1.845772943264743,35.53727047765708,10.088473255967923
2026-02-20 14:45:22.390,9.524,5,332.0,264.0,272.5,278.5,70,-18,-39,7,2.8621853434715003,38.14131594936003,8.901971286124134
2026-02-20 14:45:22.390,9.524,5,319.5,264.0,264.5,279.5,60,-19,-38,8,4.021318844976587,40.70211902896747,7.561916771471796
2026-02-20 14:45:22.390,9.524,5,306.5,264.5,259.5,284.0,51,-20,-36,15,4.058560881225182,44.583607199536196,25.162600235269057
2026-02-20 14:45:22.390,9.524,5,296.0,265.5,254.0,285.0,40,-18,-35,15,4.28814523084157,48.485349445922786,42.69695155775065
2026-02-20 14:45:22.390,9.524,5,283.5,268.5,256.0,281.0,27,-11,-30,9,1.2484287328022443,41.809487783688596,60.056905707840826
2026-02-20 14:45:22.390,9.524,5,300.5,259.0,251.0,278.5,50,-20,-42,9,-0.8293155394787899,38.56031339886842,61.3986213385688
2026-02-20 14:45:22.390,9.524,5,312.1190490722656,255.35714721679688,252.5,274.5,62,-24,-45,4,-1.5848112778100987,41.60347638550566,78.98295973107724
2026-02-20 14:45:22.390,9.524,5,315.0,257.5,264.0,276.0,55,-24,-37,8,-2.7618070545054936,43.79724540593534,96.74201063942118
2026-02-20 14:45:22.390,9.524,5,308.5,261.5,263.5,279.0,50,-23,-35,7,-2.4763202848240384,40.21948079464166,94.52679697769622
2026-02-20 14:45:22.390,9.524,5,308.827880859375,261.9262390136719,265.5,277.5,48,-20,-32,6,-1.1218819761885985,35.708871025510035,75.24071103100393
2026-02-20 14:45:22.390,9.524,5,313.5,263.5,264.0,276.0,49,-16,-39,7,-1.4038235276226798,31.722292258285194,73.68805379633814
2026-02-20 14:45:22.390,9.524,5,323.0,264.0,264.0,276.5,60,-14,-46,7,-4.487432088527425,27.470448580394127,92.12776430511543
2026-02-20 14:45:23.165,10.298,5,265.5,275.0,236.5,285.0,30,-8,-22,6,-4.44654870150116,25.71128554914074,72.871796411685
2026-02-20 14:45:23.165,10.299,5,263.0,275.5,238.5,286.0,25,-8,-19,5,-6.614799906410207,15.1884294677322,72.55610159268794
2026-02-20 14:45:23.165,10.299,5,261.5,276.5,232.0,293.5,26,-12,-23,10,-4.6666583382453215,26.656056724501518,73.62932576087654
2026-02-20 14:45:23.165,10.299,5,260.5,277.5,229.5,295.5,27,-15,-26,11,-5.605713081327525,22.870004478978565,89.39169917876129
2026-02-20 14:45:23.165,10.299,5,260.5,278.0,232.0,295.5,25,-14,-23,11,-6.329013704512549,16.83632937392649,72.64167060133775
2026-02-20 14:45:23.165,10.299,5,260.0,274.0,239.0,288.5,17,-13,-22,12,-6.591757711205762,10.930933522077524,57.12343160660764
2026-02-20 14:45:23.165,10.299,5,292.0,253.5,248.5,285.0,43,-36,-33,18,-8.969573303153092,17.03577869487878,74.13837521864647
2026-02-20 14:45:23.165,10.299,5,289.5,261.5,259.5,285.5,33,-27,-19,12,-12.888010159165617,13.21944457758088,90.82799754172194
2026-02-20 14:45:23.165,10.299,5,267.0,276.0,255.0,289.5,13,-12,-17,8,-13.203922546470462,20.0696236857615,109.17017117732019
2026-02-20 14:45:23.165,10.299,5,274.0,273.0,247.0,288.5,29,-16,-24,10,-11.78116087995718,27.451354398371066,108.83090024166142
2026-02-20 14:45:23.165,10.299,5,282.0,272.0,249.0,289.5,35,-14,-26,11,-14.479336784364742,18.555639978634126,126.61520169449388
2026-02-20 14:45:23.165,10.299,5,290.5,271.0,247.5,288.0,41,-16,-33,11,-16.902228083301296,19.09120940818311,124.34912586448901
2026-02-20 14:45:23.165,10.299,5,298.5,270.0,249.5,292.0,51,-23,-30,13,-18.609003786053258,7.454511799085508,122.97509466694886
2026-02-20 14:45:23.165,10.299,5,309.5,269.5,253.5,287.0,63,-22,-35,9,-18.491448276246672,8.81144490406816,123.13288620782104
2026-02-20 14:45:23.166,10.299,5,320.0,268.5,262.5,284.0,68,-20,-37,8,-17.351502176980798,14.719029992951848,140.02116070969922
2026-02-20 14:45:23.166,10.299,5,331.0,267.0,270.0,282.0,74,-18,-40,9,-16.720717431697413,20.54958613866904,155.9045267152073
2026-02-20 14:45:23.166,10.299,5,342.5,265.0,277.5,279.5,79,-17,-45,8,-15.729919537823807,19.239909118116056,159.4712083680283
2026-02-20 14:45:23.166,10.299,5,353.5,265.0,285.0,278.0,83,-16,-48,7,-12.185115509146035,26.510065715524412,142.95540139245554
2026-02-20 14:45:23.166,10.299,5,362.0,266.0,291.0,278.0,85,-15,-52,6,-12.305975461830183,22.73680060682605,126.29356773225662
2026-02-20 14:45:23.166,10.3,5,367.0,267.0,295.5,279.0,86,-15,-54,6,-11.688170485210478,18.04186137266513,108.66810867761885
2026-02-20 14:45:23.166,10.3,5,371.0,267.0,298.0,279.0,87,-15,-54,5,-8.93043757424179,25.331008124862272,91.72763884420253
2026-02-20 14:45:23.166,10.3,5,373.0,268.0,300.5,279.0,87,-13,-55,4,-4.488542545369174,31.576136411507598,76.1636446342909
2026-02-20 14:45:23.908,11.042,5,375.5,269.0,302.0,279.0,88,-13,-55,4,-1.717125921982955,37.97726542497364,58.75340413297414
2026-02-20 14:45:23.908,11.042,5,376.5,269.5,303.0,279.0,88,-13,-56,3,1.010989840051943,42.94142778301177,41.26314858081458
2026-02-20 14:45:23.908,11.042,5,377.5,269.5,304.0,279.0,88,-13,-56,4,1.0582293956379836,38.643446502721154,23.511120628069538
2026-02-20 14:45:23.908,11.042,5,377.5,269.5,304.0,279.0,88,-13,-56,4,1.4305535260138296,34.8204213783096,5.5009620255556975
2026-02-20 14:45:23.909,11.042,5,377.5,269.5,303.5,279.0,89,-13,-57,4,1.9763530198788661,31.668086278774396,-12.610021668985272
2026-02-20 14:45:23.909,11.042,5,376.5,269.5,303.0,279.0,88,-13,-56,4,1.5941445563963388,29.831432472434344,-12.01428818370287
2026-02-20 14:45:23.909,11.042,5,376.5,269.5,303.0,279.0,88,-13,-56,3,1.4249913815411226,28.416294657013424,-11.570526578590702
2026-02-20 14:45:23.909,11.043,5,376.5,269.5,303.0,279.0,88,-13,-56,3,1.4449825905563731,27.347630851564958,-11.26317357464524
2026-02-20 14:45:23.909,11.043,5,376.5,269.5,302.5,278.5,89,-12,-57,2,1.4569202709654725,26.720795020741797,-10.953090556845009
2026-02-20 14:45:23.909,11.043,5,376.5,269.5,303.0,278.0,88,-11,-56,2,1.355336798084295,26.241943519191175,-10.723514869170458
2026-02-20 14:45:23.909,11.043,5,378.5,269.5,304.5,277.0,87,-11,-57,2,1.4054355918303827,25.86589131069975,-10.577678762097854
2026-02-20 14:45:23.909,11.043,5,382.5,269.5,309.0,276.0,88,-9,-57,2,1.4521044868947826,25.362622580203876,-10.34541744312363
2026-02-20 14:45:23.909,11.043,5,388.5,269.5,315.0,275.5,88,-8,-58,1,1.4033097323558614,23.713957146422352,-9.914946537279814
2026-02-20 14:45:23.909,11.043,5,398.0,269.5,326.0,274.0,89,-7,-56,2,1.3540796348686968,20.6734600982754,-9.195709166554629
2026-02-20 14:45:23.909,11.043,5,408.0454406738281,269.0454406738281,338.0,272.5,88,-5,-54,1,1.5732411887145652,17.134970398564704,-8.327647655181948
2026-02-20 14:45:23.909,11.043,5,422.0,271.0,351.5,272.0,89,-1,-52,-2,1.6779503357359538,12.786669524474418,-7.24887923266414
2026-02-20 14:45:23.909,11.043,5,429.5,273.0,367.0,270.0,82,2,-48,-5,1.670498118478175,7.959433945561247,-5.988609121104482
2026-02-20 14:45:23.909,11.043,5,435.5,274.5,381.0,270.0,76,4,-42,-6,1.8160748320933546,2.5926987717551135,-4.479677817316398
2026-02-20 14:45:23.910,11.043,5,440.0,274.0,392.0,270.5,70,4,-38,-7,2.1839683922865962,-3.2408006173139974,-2.813393528585591
2026-02-20 14:45:23.910,11.043,5,446.0,276.0,402.0,271.5,65,5,-36,-6,1.3038237768047765,-11.310078249354097,15.693453644493008
2026-02-20 14:45:23.910,11.043,5,450.0,274.5,410.5,271.5,60,4,-34,-6,0.2067390371585276,-19.794681837604067,34.045240458465145
2026-02-20 14:45:24.617,11.751,5,453.5,275.5,418.0,272.5,54,3,-30,-5,3.2735868654941065,-13.907075557491927,32.95344226799865
2026-02-20 14:45:24.618,11.751,5,457.0,279.5,424.5,273.5,51,6,-29,-6,6.414425006816504,-6.477695974043472,32.541809371151224
2026-02-20 14:45:24.618,11.751,5,459.5,281.0,429.0,275.0,50,7,-26,-4,4.09220909665639,-1.149628117525042,15.202098339350094
2026-02-20 14:45:24.618,11.751,5,465.0,284.0,434.0,276.5,50,9,-23,-4,7.05653174930408,8.109841939817114,13.979588110929871
2026-02-20 14:45:24.618,11.751,5,468.5,286.0,437.0,277.5,50,10,-22,-3,3.9798975596335335,2.9064897115386303,29.653324604765565
2026-02-20 14:45:24.618,11.752,5,473.0,288.0,440.0,279.5,51,10,-23,0,7.172810367095106,13.412367527425097,26.942841920517182
2026-02-20 14:45:24.618,11.752,5,474.0,289.0,443.5,280.5,48,10,-20,-1,5.0106905611692785,11.927556886763032,43.54694191984905
2026-02-20 14:45:24.618,11.752,5,476.0,287.5,446.0,281.0,46,6,-19,1,2.4926406978933553,11.200138224005745,60.073666026176326
2026-02-20 14:45:24.618,11.752,5,480.5,280.0,447.0,282.5,49,-2,-23,3,1.8394822895426959,11.920046591169607,59.83587515263979
2026-02-20 14:45:24.618,11.752,5,480.0,278.0,449.0,282.5,50,-5,-23,4,0.4327910755724842,14.060080312909719,59.566757093380645
2026-02-20 14:45:24.618,11.752,5,480.5,276.0,450.5,282.5,47,-7,-21,4,-4.215234423880259,10.77733947548714,43.65006636251245
2026-02-20 14:45:24.618,11.752,5,482.5,277.0,450.0,281.5,50,-6,-23,3,-8.819988320226358,7.720845885552423,26.797023874438135
2026-02-20 14:45:24.618,11.752,5,483.0,278.0,450.0,281.0,51,-4,-23,3,-11.57319018644677,-3.9028610358990523,58.594083914862836
2026-02-20 14:45:24.618,11.752,5,483.5,278.5,449.5,281.5,51,-4,-24,2,-16.2478896532379,-7.1994991868788265,42.06486449009951
2026-02-20 14:45:24.618,11.752,5,479.0,276.0,447.5,281.0,50,-5,-24,3,-15.255184093971698,-4.447397295779494,43.48300200750932
2026-02-20 14:45:24.618,11.752,5,478.5,279.5,442.5,281.5,55,-1,-22,1,-20.503215078541935,-17.006381530648888,63.09748850305034
2026-02-20 14:45:24.618,11.752,5,471.5,284.5,433.0,279.0,56,6,-26,-4,-15.131531790724182,-4.632455504488194,42.10955775671501
2026-02-20 14:45:24.618,11.752,5,465.0,286.5,422.0,277.0,61,11,-35,-10,-9.560804372580279,7.364291718913865,22.1622052293099
2026-02-20 14:45:24.618,11.752,5,458.0,285.5,406.5,276.0,68,11,-44,-12,-4.695014781266397,20.072084057334138,2.1591101191964404
2026-02-20 14:45:24.619,11.752,5,449.5,286.0,389.5,276.5,77,11,-51,-9,-1.732865495801633,20.17355318036723,-13.601446845012546
2026-02-20 14:45:24.619,11.752,5,431.5,281.5,368.5,274.5,79,8,-55,-7,0.14950295956069493,12.60718658272345,5.3100816434039855
2026-02-20 14:45:24.619,11.752,5,417.5,276.5,349.0,273.0,84,3,-57,-3,1.8292140189327224,5.274316710269614,23.91452756707774
2026-02-20 14:45:25.357,12.491,6,403.0,272.5,331.0,273.0,87,-1,-58,-1,6.828073132758368,11.029670317974778,10.19020300707152
2026-02-20 14:45:25.357,12.491,6,394.0,270.5,320.5,272.5,87,-4,-58,-1,8.456849393926356,7.221580466892871,28.076512050496465
2026-02-20 14:45:25.357,12.491,6,389.5,270.0,315.5,272.5,87,-4,-56,-2,10.559578662029036,14.141905579069132,10.541680289854714
2026-02-20 14:45:25.357,12.491,6,388.0,270.0,314.0,272.5,89,-4,-56,-2,12.733638622776049,21.706375261833763,-7.145654603615172
2026-02-20 14:45:25.357,12.491,6,387.5,270.0,313.5,272.5,88,-4,-56,-2,9.419905125629715,16.72791809662399,-3.78426116825284
2026-02-20 14:45:25.357,12.491,6,387.5,270.0,313.0,272.5,88,-5,-56,-2,6.074365115227925,11.520141728645068,-1.5232376006172947
2026-02-20 14:45:25.357,12.491,6,386.5,270.0,312.5,273.5,88,-5,-57,-1,2.906357590213336,6.209081006874937,0.6790392257288778
2026-02-20 14:45:25.357,12.491,6,387.5,270.0,313.0,273.5,88,-5,-56,-2,2.563515980788498,12.435640804867774,-1.2610121759953996
2026-02-20 14:45:25.357,12.491,6,387.5,270.0,313.0,273.0,88,-5,-56,-2,2.296866985242099,18.15117012546257,-2.9574696383845507
2026-02-20 14:45:25.357,12.491,6,387.5,270.0,313.0,272.5,89,-4,-56,-3,2.2500628149631474,23.32756186634068,-4.349573181609692
2026-02-20 14:45:25.358,12.491,6,387.5,270.0,312.5,272.5,89,-4,-57,-3,2.453815364103587,27.451960950036984,-5.355700693867447
2026-02-20 14:45:25.358,12.491,6,386.5,270.0,312.0,273.5,89,-5,-56,-2,2.4352382240226156,29.37353500567734,-5.9260492933269155
2026-02-20 14:45:25.358,12.491,6,386.5,271.0,311.5,274.0,90,-5,-57,-2,2.450905151144841,29.777096087321688,-6.12155800152406
2026-02-20 14:45:25.358,12.491,6,385.5,273.0,311.0,275.5,89,-4,-56,-2,2.2811737838693666,29.551330991085244,-6.160060982566084
2026-02-20 14:45:25.358,12.491,6,385.5,275.0,310.0,277.5,90,-4,-57,-2,2.1466163668870912,29.265137799142458,-6.093448905736468
2026-02-20 14:45:25.358,12.491,6,385.5,278.0,309.5,281.0,90,-4,-58,-2,1.7825503690626388,29.40343464013865,-6.062558889237328
2026-02-20 14:45:25.358,12.492,6,384.5,282.5,308.5,285.0,90,-4,-59,-2,1.2403432388079203,29.79214819627024,-6.025436500578501
2026-02-20 14:45:25.358,12.492,6,385.0,286.5,308.5,289.5,91,-4,-59,-3,0.5178866378270559,30.223625962100037,-5.924990150462539
2026-02-20 14:45:25.358,12.492,6,386.0,291.0,308.5,294.0,93,-3,-59,-3,-0.3629886234573494,30.241640086757464,-5.740484179073764
2026-02-20 14:45:25.358,12.492,6,386.5,296.0,308.5,298.5,94,-3,-59,-4,-1.519088567044446,30.00026601494097,-5.493413309501507
2026-02-20 14:45:25.358,12.492,6,386.0,301.0,307.5,303.5,95,-3,-60,-4,-2.858437712422619,29.239149690554605,-5.205606957576624
2026-02-20 14:45:26.069,13.203,6,385.5,305.5,306.5,308.5,95,-3,-61,-4,-4.474452634218437,28.545429594659822,-4.939173540677045
2026-02-20 14:45:26.069,13.203,6,385.0,312.0,305.5,314.5,95,-2,-61,-5,-6.4112135594239845,27.45654769738003,-4.648913106689722
2026-02-20 14:45:26.069,13.203,6,385.5,318.0,305.5,320.0,96,-3,-62,-6,-8.459096095597133,26.128333878272386,-4.314847865673221
2026-02-20 14:45:26.069,13.203,6,385.9705810546875,324.0294189453125,305.0,326.5,96,-3,-62,-6,-10.676861880804477,25.016890083713804,-4.087904966759018
2026-02-20 14:45:26.069,13.203,6,385.9744567871094,330.0328369140625,304.5,333.5,96,-4,-63,-6,-12.884271205409146,23.46471355344411,-3.8779723633178347
2026-02-20 14:45:26.069,13.203,6,387.0,337.5,305.0,340.5,97,-4,-62,-7,-17.137972057284966,21.271269391047763,14.436870349651414
2026-02-20 14:45:26.069,13.203,6,388.0,344.5,305.0,348.5,100,-4,-62,-6,-21.420862156527306,19.06782109844529,32.69327588862939
2026-02-20 14:45:26.069,13.203,6,388.5,351.5,305.0,355.0,99,-4,-63,-6,-25.75853747449455,17.00039338607409,50.877017510570624
2026-02-20 14:45:26.069,13.203,6,391.5,357.0,305.5,360.5,102,-3,-65,-7,-30.24535781418303,15.215350529034078,69.02364397843391
2026-02-20 14:45:26.070,13.203,6,390.5,363.0,305.5,365.5,100,-2,-66,-7,-34.810262040544735,13.976854960346618,87.08833658517415
2026-02-20 14:45:26.070,13.203,6,391.5,366.5,306.5,368.5,100,-2,-65,-7,-39.192835489680775,12.582097658434314,105.14830009002412
2026-02-20 14:45:26.070,13.203,6,394.5,367.5,306.5,371.5,102,-4,-65,-6,-43.38145477936442,11.461897578867086,123.10739536480034
2026-02-20 14:45:26.070,13.203,6,393.5,369.0,307.5,372.5,99,-3,-65,-6,-47.32248369649229,10.654744675241432,141.03652085713054
2026-02-20 14:45:26.070,13.203,6,396.5,368.0,307.5,372.0,102,-4,-66,-6,-51.075073472780154,9.547446428194206,159.00758543933188
2026-02-20 14:45:26.070,13.204,6,396.0,368.0,307.5,372.5,103,-4,-66,-7,-54.639737586873856,8.53208695824434,176.95642174462262
2026-02-20 14:45:26.070,13.204,6,395.5,369.0,308.0,372.5,101,-3,-65,-7,-56.21765826446418,8.198761249224969,176.85780713513734
2026-02-20 14:45:26.070,13.204,6,395.5,369.0,308.0,372.5,101,-3,-65,-7,-57.49867118190619,7.83598417573943,176.7572942699004
2026-02-20 14:45:26.070,13.204,6,395.0,369.5,308.5,372.5,101,-3,-65,-7,-58.57065275076131,7.4358808438476345,176.65805290321563
2026-02-20 14:45:26.070,13.204,6,395.5,369.0,309.0,372.5,101,-3,-64,-7,-59.2428190930607,7.0512788657367516,176.51175021146435
2026-02-20 14:45:26.070,13.204,6,395.5,369.5,308.5,372.5,101,-3,-65,-7,-59.60739876252608,6.649695906139883,176.3421011397793
2026-02-20 14:45:26.070,13.204,6,393.5,370.0,307.5,372.5,99,-1,-66,-6,-59.86126513232615,6.264007027961009,176.21028104099747
2026-02-20 14:45:26.070,13.204,6,393.0,368.0,307.0,371.0,99,-3,-66,-6,-60.0237181073003,6.18940058615974,176.2340356436518
2026-02-20 14:45:26.808,13.942,6,392.0,366.5,307.0,368.5,100,-2,-65,-7,-60.16645830150159,6.085135183314493,176.25816066627476
2026-02-20 14:45:26.808,13.942,6,392.0,362.5,306.0,364.5,102,-2,-66,-7,-60.33827888566154,6.1239924853490955,176.24868298503372
2026-02-20 14:45:26.808,13.942,6,391.0,357.0,306.0,359.5,102,-2,-64,-7,-60.25899708419635,6.524324402611759,176.38839738736402
2026-02-20 14:45:26.808,13.942,6,389.5,350.5,305.0,353.0,101,-2,-64,-6,-59.57101039187749,6.772241906036298,176.4798149379818
2026-02-20 14:45:26.808,13.942,6,388.5,342.5,305.0,345.5,99,-3,-64,-6,-58.63139010393165,7.269470070883449,140.66788316171483
2026-02-20 14:45:26.808,13.942,6,387.0,335.5,304.5,338.5,98,-4,-64,-6,-57.43009047003796,7.637327800997775,140.76214429076288
2026-02-20 14:45:26.808,13.942,6,386.0294189453125,327.9705810546875,304.0,331.5,97,-4,-63,-5,-55.66476595021568,8.08785612988467,140.86809592394593
2026-02-20 14:45:26.808,13.942,6,385.9671630859375,318.9744567871094,304.5,323.5,96,-6,-62,-4,-53.76060217031191,8.625852434245813,141.02979836650317
2026-02-20 14:45:26.809,13.942,6,385.5,310.5,305.9705810546875,315.0294189453125,95,-5,-61,-4,-49.82216275387096,9.25644864510449,123.03757135817418
2026-02-20 14:45:26.809,13.942,6,385.0294189453125,303.0294189453125,305.5,307.0,95,-5,-61,-4,-45.46888008593181,9.882276271585665,105.0025407115482
2026-02-20 14:45:26.809,13.942,6,384.0,296.0,305.5,300.5,94,-5,-61,-3,-41.00842965587434,10.349925695001966,86.94511076704242
2026-02-20 14:45:26.809,13.942,6,382.5,289.5,305.5,293.5,91,-5,-60,-2,-36.33837572519009,11.399168613357052,68.88337048580588
2026-02-20 14:45:26.809,13.942,6,382.5,283.5,306.0,287.5,92,-5,-58,-2,-31.37208804622947,12.406132577511471,50.70539394651131
2026-02-20 14:45:26.809,13.943,6,382.0,279.0,306.5,282.5,92,-4,-58,-1,-26.580464686659653,13.64073264069167,32.41101254461685
2026-02-20 14:45:26.809,13.943,6,381.5,276.0,306.5,279.5,90,-4,-58,-1,-21.884305183538892,14.660753536851761,50.09982198218209
2026-02-20 14:45:26.809,13.943,6,382.0,274.0,308.0,277.5,90,-5,-56,-1,-17.21009467176308,15.754386262734364,31.913410122976153
2026-02-20 14:45:26.809,13.943,6,383.0,272.0,308.5,276.0,90,-5,-57,-1,-12.919784900308338,17.229207435187398,13.6079586415146
2026-02-20 14:45:26.809,13.943,6,383.5,271.0,309.5,275.0,90,-5,-57,-1,-8.622285427130223,18.48978794099071,-4.704957069109299
2026-02-20 14:45:26.809,13.943,6,384.5,271.0,310.5,275.0,89,-5,-56,0,-6.396951995251063,19.483660818204008,-4.8577255279924625
2026-02-20 14:45:26.809,13.943,6,384.5,270.0,311.0,274.0,89,-5,-56,-1,-4.556401031647061,20.49521389962376,-5.062078392066154
2026-02-20 14:45:26.809,13.943,6,385.5,269.0,311.5,273.0,89,-5,-56,-1,-2.8228511947356427,21.330378649886832,-5.195893049032344
2026-02-20 14:45:27.517,14.651,6,385.5,268.5,312.0,272.5,89,-6,-56,0,-1.1675185924976432,21.508564787007344,-5.282778303188646
2026-02-20 14:45:27.517,14.651,6,385.5,268.0,312.5,271.5,88,-5,-56,-1,0.05643060175581205,21.452451920082332,-5.419607347989593
2026-02-20 14:45:27.517,14.651,6,386.0,267.0,312.5,271.0,89,-5,-56,0,1.1163973486065295,21.26210453392641,-5.442781591412884
2026-02-20 14:45:27.517,14.651,6,386.5,266.0,312.5,270.5,89,-6,-56,-1,1.9395807275925652,20.916780911840473,-5.47156574851352
2026-02-20 14:45:27.517,14.651,6,386.5,266.0,312.5,269.5,88,-5,-56,-1,2.611175737479261,20.776252394541938,-5.530860441941349
2026-02-20 14:45:27.517,14.651,6,386.5,265.0,312.5,268.5,88,-4,-56,-1,3.2178885118366054,20.15237821935639,-5.464568536196154
2026-02-20 14:45:27.517,14.651,6,386.0,265.0,312.5,267.5,88,-4,-57,-2,3.6258768435365365,19.618564934625013,-5.3525669833969864
2026-02-20 14:45:27.517,14.651,6,386.0,264.0,313.0,266.0,88,-3,-55,-1,4.168889636909549,19.463525213167916,-5.279611859233876
2026-02-20 14:45:27.517,14.651,6,385.5,262.0,313.0,264.5,86,-3,-55,-1,4.736517415924402,19.00382487047029,-5.1084769835394574
2026-02-20 14:45:27.517,14.651,6,385.0,259.5,312.5,261.5,86,-4,-55,-1,5.286844597661343,19.097353821167765,-5.045096022664118
2026-02-20 14:45:27.517,14.651,6,384.0,256.0,311.5,258.0,85,-4,-56,0,5.962157149616033,19.181822752838457,-4.9984770296204015
2026-02-20 14:45:27.518,14.651,6,383.0,252.5,311.5,254.5,85,-5,-54,1,6.771041023701965,19.326558578831808,-4.917557456089526
2026-02-20 14:45:27.518,14.651,6,382.0,249.5,311.0,252.5,84,-5,-53,2,7.811550296075115,19.261248066128044,-4.871505254972219
2026-02-20 14:45:27.518,14.651,6,381.0,247.5,311.5,250.5,83,-5,-52,2,9.003213025740084,19.218373411473117,-4.845297073574062
2026-02-20 14:45:27.518,14.651,6,380.5,246.5,311.5,249.0,82,-5,-52,3,10.347528944748682,18.99329415150052,-4.795997394111467
2026-02-20 14:45:27.518,14.652,6,379.5,245.5,310.5,248.0,81,-6,-52,3,11.923052744156479,18.97081960301506,-4.824489393478583
2026-02-20 14:45:27.518,14.652,6,378.5,244.5,311.0,247.5,80,-7,-50,3,13.884460592287876,18.874094264013387,-4.918055029173386
2026-02-20 14:45:27.518,14.652,6,378.5,243.5,312.0,246.5,81,-7,-49,3,15.979549562219727,18.743884225527395,-4.99755476332111
2026-02-20 14:45:27.518,14.652,6,378.5,243.0,312.5,246.0,80,-7,-50,3,18.122738900301027,18.656969952940546,-5.168024324187183
2026-02-20 14:45:27.518,14.652,6,377.5,243.0,312.0,246.0,80,-7,-50,3,20.38213501028834,18.4239184114589,-5.284137299462734
2026-02-20 14:45:27.518,14.652,6,377.5,242.5,312.5,246.0,79,-8,-50,3,22.586415694607364,18.276686223892007,-5.408730381983456
2026-02-20 14:45:27.518,14.652,6,377.5,242.5,312.5,246.0,79,-8,-50,3,24.614820388164,18.15439922147113,-5.515157880471332
2026-02-20 14:45:28.260,15.394,6,377.5,242.5,313.0,246.0,79,-8,-49,3,26.348164371742236,18.20210234075298,-5.582156329378348
2026-02-20 14:45:28.261,15.394,6,377.5,242.5,313.0,246.0,79,-9,-49,3,27.935000644438702,18.331963182353384,-5.643528491724164
2026-02-20 14:45:28.261,15.394,6,377.5,243.5,313.0,246.5,79,-8,-49,3,29.346878625332536,18.6043940207569,-5.799196135358342
2026-02-20 14:45:28.261,15.394,6,377.5,243.5,313.0,246.5,79,-8,-49,3,30.482832888217985,18.647501285067374,-5.86325021828348
2026-02-20 14:45:28.261,15.394,6,377.5,243.5,313.0,246.5,78,-9,-49,3,31.2883484372675,18.81690346764207,-5.932929034693065
2026-02-20 14:45:28.261,15.394,6,377.5,243.5,313.0,246.5,78,-9,-49,3,31.89813956576871,18.823652746628674,-5.993171302120488
2026-02-20 14:45:28.261,15.395,6,377.0,243.5,313.0,247.5,78,-9,-48,4,32.33075312969774,18.973403419194234,-6.069459460268916
2026-02-20 14:45:28.261,15.395,6,377.5,244.5,313.5,247.5,78,-9,-49,3,32.70733320894278,19.013360434346723,-6.138489759100389
2026-02-20 14:45:28.261,15.395,6,377.5,244.5,312.5,248.0,78,-9,-50,4,32.988345841360676,19.054393846621736,-6.190028636403922
2026-02-20 14:45:28.261,15.395,6,378.0,244.5,313.5,248.0,79,-9,-49,4,33.19878721766487,19.03144605481811,-6.216710065960797
2026-02-20 14:45:28.261,15.395,6,377.5,244.5,314.5,248.0,77,-9,-48,3,33.40684401326318,18.96913432237009,-6.241888742678552
2026-02-20 14:45:28.261,15.395,6,378.0,244.5,314.0,248.0,78,-9,-48,4,33.53804012212134,19.022995486676624,-6.314688078907718
2026-02-20 14:45:28.261,15.395,6,378.0,245.5,314.0,248.0,79,-8,-49,3,33.63988448393283,19.009457015391853,-6.30144507416616
2026-02-20 14:45:28.261,15.395,6,378.0,245.5,314.5,248.5,78,-8,-49,3,33.72945871729622,18.86017837409168,-6.262179749857374
2026-02-20 14:45:28.261,15.395,6,378.5,245.5,314.5,248.5,78,-8,-49,3,33.77549297340974,18.760413758951856,-6.230323407277034
2026-02-20 14:45:28.261,15.395,6,378.5,245.5,313.5,248.0,78,-8,-50,2,33.788256259397016,18.63903993684624,-6.165822412581933
2026-02-20 14:45:28.261,15.395,6,379.0,245.5,313.5,248.5,79,-8,-51,2,33.79090759852282,18.476227974472124,-6.062529778540143
2026-02-20 14:45:28.261,15.395,6,379.0,246.5,315.0,249.5,79,-8,-49,3,33.7606336920246,18.29175925115497,-5.943183473876084
2026-02-20 14:45:28.261,15.395,6,380.0,248.0,315.0,250.5,79,-7,-49,2,33.53906527541278,18.120039233711466,-5.873494530451611
2026-02-20 14:45:28.262,15.395,6,380.0,250.0,314.0,252.0,79,-6,-50,3,33.22746605472744,17.95592074173262,-5.785579860858794
2026-02-20 14:45:28.262,15.395,6,381.0,252.5,314.0,254.5,79,-6,-51,2,32.58809688434543,17.68177052406913,-5.634393076492783
2026-02-20 14:45:28.262,15.395,6,382.5,256.0,315.0,258.0,79,-5,-51,3,31.54795901586197,17.523193411831368,-5.466941148976822
2026-02-20 14:45:29.005,16.139,6,383.5,260.5,315.5,261.5,80,-4,-52,1,30.208256544245884,17.36133641510081,-5.290041330420172
2026-02-20 14:45:29.005,16.139,6,385.5,264.5,316.0,265.5,81,-4,-54,0,28.365852968476844,17.44107950569021,-5.169169525716097
2026-02-20 14:45:29.005,16.139,6,388.0,268.0,317.5,269.5,83,-3,-54,0,26.302875434897587,17.37035747408155,-4.998910610714633
2026-02-20 14:45:29.005,16.139,6,389.0,269.5,317.5,271.0,85,-3,-56,0,24.09572065411201,17.016823577020727,-4.784442161873141
2026-02-20 14:45:29.005,16.139,6,389.0,269.5,317.5,271.5,85,-4,-55,0,21.716885189907494,16.30853370760654,-4.469303801151199
2026-02-20 14:45:29.005,16.139,6,390.0,269.5,317.0,271.5,86,-3,-56,0,19.210138313648866,15.919663626028857,-4.258389992507878
2026-02-20 14:45:29.006,16.139,6,390.5,269.0,318.5,270.5,84,-3,-56,-1,16.802806672122152,15.195698287436999,-3.890305286163844
2026-02-20 14:45:29.006,16.139,6,392.0,268.5,319.0,269.5,86,-3,-56,-2,14.455391935420622,14.678026506935543,-3.5789973823328154
2026-02-20 14:45:29.006,16.139,6,392.0,268.5,320.0,269.0,86,-3,-55,-2,12.40520649499723,14.021446830544122,-3.2738179818803688
2026-02-20 14:45:29.006,16.139,6,392.0,268.0,320.0,269.0,86,-2,-55,-2,10.812734814146935,13.360576213765386,-2.9816852939184773
2026-02-20 14:45:29.006,16.14,6,393.0,268.0,320.0,268.5,86,-2,-55,-3,9.548104316440416,12.716096808456196,-2.7146137796084466
2026-02-20 14:45:29.006,16.14,6,393.0,268.0,320.5,268.5,86,-2,-56,-2,8.728103587280547,11.904483554546978,-2.4091587483879
2026-02-20 14:45:29.006,16.14,6,393.0,268.0,320.5,268.5,86,-2,-56,-2,8.185724657038076,11.271346899489828,-2.1717802073092227
2026-02-20 14:45:29.006,16.14,6,393.0,268.5,320.5,268.5,86,-2,-56,-3,7.755506800034016,10.92232434616448,-1.987048309826235
2026-02-20 14:45:29.006,16.14,6,393.5,268.5,320.5,269.0,86,-3,-56,-2,7.536508468976715,10.534842848674442,-1.8233139042765163
2026-02-20 14:45:29.006,16.14,6,393.5,268.5,320.5,268.5,86,-3,-56,-3,7.42601540130101,10.030663804764208,-1.6334791185697515
2026-02-20 14:45:29.006,16.14,6,393.5,268.5,320.0,269.0,86,-3,-56,-2,7.347492776660335,9.888776219141407,-1.569331174849854
2026-02-20 14:45:29.006,16.14,6,393.0,268.5,320.0,269.5,87,-3,-56,-2,7.294549610279173,9.416884692923583,-1.4451383836092313
2026-02-20 14:45:29.006,16.14,6,392.0,268.5,318.5,269.5,87,-3,-57,-2,7.2978283404594855,9.441601759620458,-1.449357218268593
2026-02-20 14:45:29.006,16.14,6,392.0,269.0,318.5,269.5,87,-2,-57,-2,7.287175771534132,9.211680667761078,-1.4175350808846185
2026-02-20 14:45:29.006,16.14,6,391.0,268.5,318.5,269.5,87,-3,-57,-2,7.223672343181093,9.12528209716359,-1.4087251683664481
2026-02-20 14:45:29.712,16.846,6,391.0,268.5,318.0,269.5,87,-3,-57,-2,7.205773876849914,9.077816053713104,-1.4104569688286557
2026-02-20 14:45:29.713,16.846,6,391.0,268.5,318.0,269.5,87,-3,-56,-2,7.230442255350292,9.191356456259783,-1.4490347649033866
2026-02-20 14:45:29.713,16.846,6,390.5,268.5,318.0,269.5,86,-3,-56,-2,7.251056696314659,9.355029996345158,-1.519839548934509
2026-02-20 14:45:29.713,16.846,6,390.0,268.5,317.0,269.5,87,-3,-56,-2,7.216199921118033,9.889644963830323,-1.6641701716238928
2026-02-20 14:45:29.713,16.846,6,389.5,268.0,316.5,269.5,86,-3,-57,-2,7.183911327517885,10.14511639273461,-1.7415016661296703
2026-02-20 14:45:29.713,16.846,6,390.0,268.0,316.5,269.5,87,-3,-57,-2,7.126134307958651,10.85795494893682,-1.9293382221798026
2026-02-20 14:45:29.713,16.847,6,390.0,267.5,316.5,269.5,87,-4,-57,-2,7.06470151905717,11.545314758253335,-2.138049945521164
2026-02-20 14:45:29.713,16.847,6,389.5,267.5,316.5,269.5,87,-4,-57,-2,6.983216251000931,12.065147404337523,-2.2807189174946774
2026-02-20 14:45:29.713,16.847,6,389.5,268.0,316.5,270.5,86,-4,-57,-2,6.918126762598195,12.496375101850845,-2.4386787198845683
2026-02-20 14:45:29.713,16.847,6,389.5,268.0,316.0,270.5,86,-4,-57,-2,6.902291470822604,13.37143749961007,-2.6888186320004346
2026-02-20 14:45:29.713,16.847,6,389.0,268.0,316.0,270.5,87,-4,-57,-2,6.900654140834087,14.314271666073552,-2.9700982237819544
2026-02-20 14:45:29.713,16.847,6,389.5,268.0,316.5,270.5,86,-4,-57,-2,6.822282704281884,14.685003919220875,-3.1301778143079186
2026-02-20 14:45:29.713,16.847,6,390.5,270.0,317.5,272.5,87,-4,-56,-1,6.778046371256247,15.30338175541244,-3.306209425079764
2026-02-20 14:45:29.713,16.847,6,391.5,271.0,317.5,273.0,88,-4,-57,-1,6.818105175249414,16.140316745833008,-3.5484123123713633
2026-02-20 14:45:29.713,16.847,6,391.5,271.0,318.0,273.5,88,-4,-55,0,6.8291690258248074,17.192597365859882,-3.8461821394814293
2026-02-20 14:45:29.713,16.847,6,391.5,271.0,317.5,273.5,88,-4,-56,0,6.824133838094298,17.49892199530519,-3.946271998705755
2026-02-20 14:45:29.713,16.847,6,391.5,271.0,317.5,273.5,88,-4,-56,0,6.836197247104403,17.963407416050945,-4.071584951252574
2026-02-20 14:45:29.713,16.847,6,391.5,271.0,317.5,273.5,88,-4,-56,0,6.840213196989444,17.971829718790474,-4.122263310619626
2026-02-20 14:45:29.713,16.847,6,391.5,271.0,317.5,273.5,88,-4,-56,0,6.7954535554467554,18.39868804592603,-4.247615953352248
2026-02-20 14:45:29.713,16.847,6,391.0,270.0,318.0,272.5,87,-5,-55,-1,6.747369306673946,18.15219903338147,-4.221024650641564
2026-02-20 14:45:29.713,16.847,6,391.0,270.0,318.0,272.5,87,-4,-55,-1,6.608857851174559,18.12951182160435,-4.219316401889497
2026-02-20 14:45:29.713,16.847,6,391.5,269.5,318.5,271.5,87,-5,-55,-2,6.477473964861298,18.36821501857432,-4.280728831538914
2026-02-20 14:45:30.452,17.586,6,391.5,269.5,318.0,272.0,87,-5,-55,-1,6.304500583711828,18.385766727435662,-4.294713636516526
2026-02-20 14:45:30.452,17.586,6,392.0,270.0,318.0,272.5,88,-4,-56,-2,6.085169162393381,18.012557604571036,-4.2075428211756485
2026-02-20 14:45:30.452,17.586,6,392.0,270.5,318.5,272.5,87,-4,-56,-2,5.847549603507975,17.572161518112694,-4.082802269118384
2026-02-20 14:45:30.452,17.586,6,392.5,270.5,319.0,272.5,87,-4,-55,-2,5.5694748826852365,17.688411674648034,-4.075424007083786
2026-02-20 14:45:30.452,17.586,6,393.0,270.5,319.0,272.5,88,-4,-56,-2,5.317657245216452,17.223403721825584,-3.959069797945383
2026-02-20 14:45:30.452,17.586,6,393.0,270.5,319.0,272.5,88,-4,-56,-2,5.12997516010763,17.065657581429775,-3.905662270438301
2026-02-20 14:45:30.453,17.586,6,393.0,270.5,319.0,272.5,88,-4,-57,-2,4.890437465297083,16.849243555804428,-3.819207806238144
2026-02-20 14:45:30.453,17.586,6,393.5,271.0,319.0,272.5,88,-4,-57,-2,4.722557314584611,16.560987411605275,-3.70954535341693
2026-02-20 14:45:30.453,17.586,6,393.0,271.0,319.0,272.5,88,-4,-56,-2,4.5590502324283015,16.02438837212945,-3.6017100162392865
2026-02-20 14:45:30.453,17.586,6,392.5,270.5,319.0,272.5,87,-4,-56,-2,4.409159499607119,15.71111482778382,-3.5017480539998806
2026-02-20 14:45:30.453,17.586,6,392.5,270.5,318.0,272.5,88,-4,-57,-2,4.258178094391576,15.218953353516902,-3.374665101846028
2026-02-20 14:45:30.453,17.587,6,392.5,271.0,318.0,272.5,88,-4,-57,-2,4.104845146654133,14.710783096653403,-3.259614209851443
2026-02-20 14:45:30.453,17.587,6,392.5,271.0,318.0,273.5,88,-4,-57,-2,3.977469002218575,14.452711961402265,-3.2325641269748377
2026-02-20 14:45:30.453,17.587,6,392.5,271.0,318.0,273.5,88,-4,-57,-2,3.9386227864404013,13.799685036029533,-3.131024970156199
2026-02-20 14:45:30.453,17.587,6,392.5,271.0,318.0,273.5,88,-4,-57,-2,3.8735194873082754,13.727916220014588,-3.1384617604413663
2026-02-20 14:45:30.453,17.587,6,392.0,271.0,317.5,273.5,89,-4,-58,-2,3.749907830787482,13.696373299652217,-3.151813835861855
2026-02-20 14:45:30.453,17.587,6,392.5,271.0,317.5,273.5,89,-5,-58,-2,3.701164299674371,13.768330319462436,-3.199740523038244
2026-02-20 14:45:30.453,17.587,6,391.5,271.0,317.5,273.5,88,-4,-58,-2,3.6582506709284903,13.970299996199824,-3.311923537969652
2026-02-20 14:45:30.453,17.587,6,391.5,271.0,317.5,273.5,88,-5,-57,-2,3.639190639618528,14.067950391401403,-3.350075523875955
2026-02-20 14:45:30.453,17.587,6,391.5,271.0,317.0,273.5,88,-5,-57,-2,3.6513230543683477,14.109443534908761,-3.41272831557251
2026-02-20 14:45:30.453,17.587,6,391.5,271.0,317.0,274.5,88,-5,-57,-1,3.6071407681208623,14.166410317039713,-3.508526886658208
2026-02-20 14:45:31.160,18.294,6,391.0,271.0,316.5,274.5,89,-5,-57,-1,3.6580561369725366,14.753802869975328,-3.678019502532809
2026-02-20 14:45:31.160,18.294,6,390.5,271.0,316.5,274.5,88,-5,-57,-1,3.6506825660343054,14.954669354641034,-3.7491056602284147
2026-02-20 14:45:31.160,18.294,6,390.5,271.0,316.5,274.5,88,-5,-57,-1,3.622596701920667,15.534181054555418,-3.9141070156342845
2026-02-20 14:45:31.160,18.294,6,390.5,271.0,316.5,274.5,88,-5,-57,-1,3.593046162872435,16.152530443340833,-4.087325820527935
2026-02-20 14:45:31.160,18.294,6,390.5,271.0,316.5,274.5,88,-5,-57,-1,3.562474922019671,16.70308082190138,-4.262336658409586
2026-02-20 14:45:31.160,18.294,6,390.5,271.0,316.5,274.5,88,-5,-57,-1,3.545489837339588,17.002955101981993,-4.365568324232269
2026-02-20 14:45:31.160,18.294,6,390.5,271.0,316.5,274.0,88,-5,-57,-1,3.459546674913545,17.309831659657135,-4.448189589402704
2026-02-20 14:45:31.160,18.294,6,390.5,271.0,316.5,274.0,88,-5,-57,-1,3.4824205552492593,17.70293763805371,-4.57172107143505
2026-02-20 14:45:31.160,18.294,6,390.5,271.0,316.5,274.0,88,-5,-57,-1,3.3958772820941476,18.033018423756573,-4.659423602833554
2026-02-20 14:45:31.160,18.294,6,390.5,271.0,316.5,274.5,88,-5,-57,-1,3.3875348395419316,18.473059958124175,-4.757262361488349
2026-02-20 14:45:31.160,18.294,6,391.0,271.0,316.5,274.5,89,-5,-57,-1,3.307317360209449,18.162520195886856,-4.717181107050822
2026-02-20 14:45:31.160,18.294,6,391.5,272.0,317.0,274.5,88,-4,-57,-1,3.3024103039121293,17.959330746596166,-4.6832333957835885
2026-02-20 14:45:31.161,18.294,6,393.5,274.0,319.0,276.0,89,-3,-56,-1,3.277237319622637,17.83192258446112,-4.654789897063663
2026-02-20 14:45:31.161,18.294,6,396.0,276.0,321.0,277.5,90,-3,-56,-1,3.235961708413214,17.514049180221633,-4.551518230554761
2026-02-20 14:45:31.161,18.294,6,397.5,277.0,323.0,278.0,89,-2,-56,-1,3.1995318799632564,17.385672357635393,-4.429918141980922
2026-02-20 14:45:31.161,18.294,6,399.5,277.5,325.5,278.5,90,-2,-56,-1,3.183787410837187,16.927955224493047,-4.220220197158979
2026-02-20 14:45:31.161,18.294,6,402.0,277.5,327.5,278.5,91,-2,-56,-1,3.0979011912680026,15.930866865321143,-3.8988285562594722
2026-02-20 14:45:31.161,18.294,6,403.0,278.0,330.0,278.5,90,-1,-55,-1,2.8212655319153015,14.614863591635743,-3.5092986988662855
2026-02-20 14:45:31.161,18.295,6,405.0,278.0,331.5,278.5,90,-1,-56,-2,2.6793607505427026,13.013119692849417,-3.0584510144498847
2026-02-20 14:45:31.161,18.295,6,406.0,278.5,332.5,278.0,90,-1,-57,-1,2.4429205919323724,11.289588243891862,-2.6019932344219026
2026-02-20 14:45:31.161,18.295,6,407.0,278.5,333.5,279.0,90,-1,-57,-1,2.3123186753780427,9.749295987056737,-2.1776379423325825
2026-02-20 14:45:31.873,19.006,6,407.5,279.0,333.5,279.0,90,0,-57,-1,2.0893870994661743,8.128786123718504,-1.7125903841980654
2026-02-20 14:45:31.873,19.007,6,407.5,278.5,333.5,278.0,90,-1,-57,-2,1.9028965148697008,6.100309943796141,-1.1800366845777939
2026-02-20 14:45:31.873,19.007,6,407.0,277.0,333.5,277.0,90,-1,-57,-2,1.7511444279072972,4.145551476362281,-0.7016056610614925
2026-02-20 14:45:31.873,19.007,6,407.5,276.5,333.5,276.5,89,-1,-58,-2,1.548188241138707,1.9081315556000042,-0.2642474429929782
2026-02-20 14:45:31.873,19.007,6,407.5,276.0,334.5,276.0,88,0,-57,-1,1.4663567163108304,-0.1630730171540069,0.160104333496621
2026-02-20 14:45:31.873,19.007,6,409.0,275.0,336.0,276.0,89,-1,-57,0,1.4689513330230746,-1.7621038072764037,0.46423997306462716
2026-02-20 14:45:31.873,19.007,6,411.0384521484375,274.0384521484375,338.0,275.5,89,-2,-56,-1,1.4809901105917707,-2.919460650606128,0.5875174940872578
2026-02-20 14:45:31.873,19.007,6,413.5,273.5,340.0,274.5,89,-2,-57,0,1.5386777300619343,-3.895712704857093,0.6650723846516211
2026-02-20 14:45:31.873,19.007,6,416.5,273.5,342.5,274.5,90,-2,-58,0,1.7518448568938343,-4.704563916211098,0.7399794279171146
2026-02-20 14:45:31.873,19.007,6,419.5,273.0,344.5,274.0,90,-1,-58,0,1.8663241767400027,-5.184575913110079,0.743621463424216
2026-02-20 14:45:31.873,19.007,6,422.0,273.5,347.5,273.5,91,-1,-58,-1,2.1131487242480826,-5.604219389764058,0.7569643289475296
2026-02-20 14:45:31.873,19.007,6,425.0,273.5,350.5,274.0,91,-1,-57,0,2.3350829746633828,-6.044622917671013,0.779718938568914
2026-02-20 14:45:31.873,19.007,6,428.0,273.5,352.5,273.5,91,-1,-58,-2,2.5198028755929442,-6.319823697491589,0.7906369310929144
2026-02-20 14:45:31.874,19.007,6,431.0,274.5,355.5,274.0,91,0,-59,-1,2.7777810107789698,-6.426040936539776,0.8337055611440705
2026-02-20 14:45:31.874,19.007,6,433.0,275.5,357.5,274.0,91,1,-58,-2,2.873186897555666,-6.532933509991302,0.8615011659075433
2026-02-20 14:45:31.874,19.007,6,434.5,276.0,359.5,275.0,91,1,-58,-2,2.947987932840581,-6.502779534719231,0.9335611515281785
2026-02-20 14:45:31.874,19.008,6,436.0,276.5,361.5,275.0,91,1,-57,-2,3.0841495480668932,-6.556158731662949,1.1167760405759517
2026-02-20 14:45:31.874,19.008,6,436.5,277.0,362.5,276.0,90,2,-58,-1,3.058733905454641,-6.612570870691664,1.3077668911094333
2026-02-20 14:45:31.874,19.008,6,437.0,278.5,363.0,276.5,90,2,-57,-2,2.9251690734235805,-6.791085409518631,1.5110180770749801
2026-02-20 14:45:31.874,19.008,6,437.0,278.5,363.5,277.0,90,2,-58,-2,2.7960049330631698,-7.007487582302575,1.768711171597408
2026-02-20 14:45:31.874,19.008,6,437.0,278.5,362.5,277.0,90,2,-58,-2,2.516443085888863,-7.254124154986572,1.9729351877501267
2026-02-20 14:45:31.874,19.008,6,436.5,278.5,362.5,276.5,90,2,-59,-3,2.2981096445369413,-7.403798938065611,2.151772203054204
2026-02-20 14:45:32.160,19.294,6,436.5,279.0,362.0,276.5,90,3,-58,-3,2.118844702728964,-7.614328995035494,2.314477945802306
2026-02-20 14:45:32.160,19.294,6,435.5,278.5,360.5,277.0,90,2,-60,-2,1.9231011450532414,-7.862232045760242,2.518482610448233
2026-02-20 14:45:32.161,19.294,6,432.5,276.5,358.0,275.0,88,1,-59,-3,1.658441187975015,-7.810930323481616,2.597920564107457
2026-02-20 14:45:32.161,19.294,6,428.5,274.5,353.5,273.0,88,1,-61,-4,1.4323861838609453,-7.942559463875485,2.662161830066583
2026-02-20 14:45:32.161,19.294,6,426.0377502441406,272.9717102050781,351.5,272.0,89,-1,-60,-4,1.3149341573050695,-8.18704319362777,2.7129280494158676
2026-02-20 14:45:32.161,19.294,6,424.0,272.0,349.5,272.0,89,-1,-60,-3,1.2306172971339553,-8.189738552267174,2.691833809773132
2026-02-20 14:45:32.161,19.294,6,422.0,272.0,347.0,272.0,90,-1,-60,-3,1.131318734032984,-7.93586631707513,2.5927797025706214
2026-02-20 14:45:32.161,19.295,6,419.5,271.5,345.0,272.5,89,-2,-59,-3,1.112921866154542,-7.5490720617837095,2.396221130824107
